"Project name","greggcostin.com"
"Date range","09/09/2026 08:00 PM - 09/16/2026 07:59 PM"


"Metric","Sessions"
"","Total sessions","105"
"","Bot sessions","30"

"Metric","Pages per session"
"","Average","2.5619047619047617"

"Metric","Scroll depth"
"","Average","32.61"

"Metric","Active time spent"
"","Active time","111"
"","Total time","243"

"Metric","Users overview"
"","Unique users","64"
"","Sessions with new users","71"
"","Sessions with returning users","34"

"Metric","Insights","No. of sessions","% of sessions"
"","Rage clicks","0","0%"
"","Dead click","14","13.33%"
"","Excessive scrolling","0","0%"
"","Quick back click","21","20%"

"Metric","Browsers","No. of sessions","% of sessions"
"","Chrome","45","42.86%"
"","FacebookApp","35","33.33%"
"","ChromeMobile","10","9.52%"
"","Edge","9","8.57%"
"","MobileSafari","6","5.71%"

"Metric","Top pages","No. of sessions"
"","https://greggcostin.com/","80"
"","https://greggcostin.com/flood-zone-map","14"
"","https://greggcostin.com/schools","10"
"","https://greggcostin.com/team","10"
"","https://greggcostin.com/mortgage-calculators","9"
"","https://greggcostin.com/reviews","8"
"","https://greggcostin.com/buy","7"
"","https://greggcostin.com/contact","7"
"","https://greggcostin.com/search","6"
"","https://greggcostin.com/sell","6"
"","https://greggcostin.com/resources/coastal-ownership-costs","5"
"","https://greggcostin.com/neighborhoods","4"

"Metric","Smart events","No. of sessions","% of sessions"
"","Outbound click","9","8.57%"
"","Search","3","2.86%"
"","Find a location","2","1.90%"
"","Contact us","1","0.95%"
"","See reviews","1","0.95%"

"Metric","Referrer","No. of sessions"
"","greggcostin.com","37"
"","facebook.com","18"
"","lm.facebook.com","14"
"","greggc.levinrinkerealty.com","4"
"","pensacolamilitaryhousing.com","2"
"","l.facebook.com","1"
"","m.facebook.com","1"
"","scriblihelp.com","1"
"","search.yahoo.com","1"
"","www.google.com","1"

"Metric","JavaScript errors"
"","Sessions with JavaScript errors"
""," total JavaScript errors","1"
"","","No. of sessions","% of sessions"
"","error invoking postmessage: java object is gone","1","100%"

"Metric","Performance overview"
"","Score","72"
"","LCP (Largest Contentful Paint)","6.394s"
"","INP (Interaction to Next Paint)","232ms"
"","CLS (Cumulative Layout Shift)","0.002s"

"Metric","Bot traffic"
"webScraperBotSessions","3"
"suspiciousDeviceBotSessions","23"
"suspiciousNetworkBotSessions","9"
"suspiciousInteractionBotSessions","27"
"ppcAdFraudBotSessions","0"
"otherBotsSessions","0"
"__typename","BotTypes"
