"Keyword","Impressions","Clicks","CTR","Avg. Position"
"pensacola fl military home buyer va","19","0","0%","2.105257894736842"
"training air wing five","15","0","0%","9.666666666666666"
"bah hurlburt field","8","0","0%","6.875"
"nas pensacola bah","7","0","0%","6.285714285714286"
"if i buy a home in florida and are 100% va p&t disabled do i need to pay property tax? what about if it is my part time home and i live in nc half of the year?","6","0","0%","8"
"hurlburt field bah","6","0","0%","9.166666666666666"
"buying a home near nas pensacola","5","0","0%","4.8"
"santa rosa business taxes exemption for veterans","5","0","0%","7"
"nas corry station bah","4","0","0%","4.5"
"nas pensacola base housing office for air force cso students","4","0","0%","7"
"bah pensacola","4","0","0%","9"
"military friendly realtor pensacola fl","4","0","0%","5.25"
"houses for rent military in fwb florida","4","0","0%","7"
"pensacola bah","4","0","0%","9.75"
"property for sale near nas pensacola","4","0","0%","4"
"33 fw eglin afb","4","0","0%","9.25"
"is the corry station tech school dorm at nas pensacola similar to the goodfellow air force base dorms?","4","0","0%","5.25"
"usaf bah fort walton beach fl","4","0","0%","4.25"
"gregg costin","4","0","0%","7.25"
"hurlburt field bah rates","4","0","0%","6.25"
"pcs to eglin florida","3","0","0%","5.6667"
"does a 40% va disability qualify for property tax discount in florida","3","1","33.33%","5"
"florida va tax exemptions","3","0","0%","10"
"va assumable loans in pensacola beach florida","3","1","33.33%","1"
"military relocation pensacola fl","3","0","0%","4.666666666666667"
"jcac "a" school address pensacola, fl","3","1","33.33%","4.3333"
"best palce to live for flight school milton florida","3","1","33.33%","1"
"hurlburt field afb dorms spec ops","3","0","0%","9"
"nas pensacola housing","3","0","0%","10"
"does penscaola to hurlburt field count as a pca or pcs","3","0","0%","4.3333"
"duke field housing","3","0","0%","6"
"army bah crestview","3","0","0%","4"
"battle of the beachs hurlburt field 2026","2","0","0%","2"
"homes for sale near nas pensacola","2","0","0%","4"
"va qualified homes for sale in pensacola","2","0","0%","5"
"bah pensacola 2026","2","0","0%","5"
"how many base partners does hurlburt support","2","0","0%","6"
"fort walton beach bah","2","0","0%","4"
"nas visitors center pensacola hours","2","0","0%","7"
"corry station off of liberia how much the two bedrooms go for","2","0","0%","2"
"florida property tax for 100% disabled vets","2","0","0%","10"
"pensacola bah 2026","2","0","0%","6.5"
"100% disabled veteran capital gains tax exemption florida requirements","2","0","0%","10"
"do army special forces units have personal housing at eglin","2","0","0%","4"
"va properties for sale in pensacola","2","0","0%","2"
"bah for crestview, fl","2","0","0%","8.5"
"what is a screening for military pcs for","2","0","0%","5"
"hurlburt field housing bah rates","2","0","0%","9.5"
"eaf schoolhouse nas pensacola","2","0","0%","6"
"hurlburt field housing waitlist stats","2","0","0%","5"
"is hurlburt field a good base","2","0","0%","4"
"gregg costin pensacola fl","2","0","0%","1"
"liberty military housing","2","0","0%","7"
"duke field bah amount","2","0","0%","5.5"
"what is bah for pensacola fl","2","0","0%","10"
"e-5 bah in hurlburt field fl","2","0","0%","7"
"okaloosa county military 100% disability property tax free","2","0","0%","2"
"hurlburt field bah 2026","2","0","0%","7"
"homes for sale near nas pensacola florida","2","0","0%","4"
"saufley field pensacola","2","0","0%","9"
"how much is bah in pensacola","2","0","0%","7"
"military bases near pensacola fl for sale jackson st pete","2","0","0%","7"
"military days off in corry station","2","0","0%","6"
"okaloosa tax office exemptions for veterans in florida","2","0","0%","4"
"pensacola nfo squadron","2","0","0%","8"
"basic allowance for housing hurlburt field","2","0","0%","6"
"tell me about gregg costin realator net worth","2","0","0%","7"
"netsafa pensacola","2","0","0%","10"
"2026 bah rates look up","2","0","0%","7.5"
"nas whiting field advanced rider course","2","0","0%","9"
"nioc forest guide","2","0","0%","9"
"ciwt pensacola","2","0","0%","8"
"florida property tax waiver for disabled vets","2","0","0%","4.5"
"how much do nas pensacola homes cost for active duty on base rent","2","0","0%","2"
"nas pensacola cso school","2","0","0%","2"
"850 266 5005","2","0","0%","4"
"military condos in niceville florida","2","0","0%","2"
"what is average commute from niceville/bluewater bay  to hulburt feild","2","0","0%","4.5"
"479 pensacola nas cc","2","0","0%","9"
"cordova park pns","2","0","0%","7"
"pensacola nas air force officer bah","2","0","0%","10"
"okaloosa tax exemption filing military total and permanent disability","2","0","0%","4"
"hurlburt field afb bah","2","0","0%","8"
"houses near nas pensacola for sale","2","0","0%","5"
"does va unemployability in florida pay no property tax","2","0","0%","3"
"corry station pensacola fl bha","2","0","0%","5.5"
"duke on base","2","0","0%","6"
"bah in pensacola florida","2","0","0%","7"
"850-266-5005","2","0","0%","5.5"
"creatview housing for sale eglin florida","2","0","0%","2"
"nas pensacola flight student average rent if you have roommates","2","0","0%","5.5"
"va 100 percent p and t disability can i apply for property tax emeption online in orange county florida","2","0","0%","7"
"helicopter training base milton florida advanced school","2","0","0%","4"
"if you're 100 va disability do you have to pay property tax on rentals?","2","0","0%","7"
"what is the difference between northeast pensacola and ferry pass?","2","0","0%","8"
"pensacola military housing","2","0","0%","4.5"
"pensacola elementary schools for military","2","0","0%","6"
"corry air force pensacola","2","0","0%","4"
"escambia county property taxes for disabled veterans","2","0","0%","4"
"eglin afb city location dorm map","2","0","0%","9"
"training air wing 1 nas whiting field","2","0","0%","8"
"soughley field nas pensacola","2","0","0%","3"
"pensacola ms military housing","2","0","0%","4"
"santa rosa county florida tax exemption for disabled veterans","2","0","0%","4"
"what are the qualifications for a veterans exemptions for proprty tax in escambia county fl","2","0","0%","4"
"should you buy a house in crestview eglin afb reddit","2","0","0%","5"
"corry station uh","2","0","0%","5"
"what does a veteran pay for property taxes in flirida?","2","0","0%","7.5"
"military housing walton county and okaloosa countyu","2","0","0%","4"
"nas pensacola base housing recent news","2","0","0%","5"
"33rd fw dorm managment","2","0","0%","9.5"
"file property tax exemption for 100% disabled veteran escambia florida","2","0","0%","3"
"bah in nas pensacola","2","0","0%","8"
"pensacola fl curfew exemption for military","1","0","0%","6"
"zone x pensalcla non flood zone","1","0","0%","2"
"whiting field primary","1","0","0%","2"
"okaloosa counta va home tax exemption","1","1","100%","5"
"does anyone live on duke field","1","1","100%","1"
"disabled veteran benefits in pensacola fl","1","1","100%","7"
"eglin afb housing application","1","0","0%","10"
"florida va disability property tax","1","0","0%","10"
"1 in 8 families at hurlburt","1","1","100%","1"
"eglin afb bah rate for off base","1","0","0%","7"
"nas whiting field pensaocla","1","0","0%","8"
"prone flood zones in city of pensacola, florida","1","0","0%","5"
"bah rate ft waton beach fl","1","2","200%","3"
"military base in destin florida vacation rentals","1","0","0%","9"
"bah for fort walton","1","0","0%","5"
"nas whiting field helicopter training","1","1","100%","3"
"trawing 5 primary stu comp","1","0","0%","10"
"pensacola naval station lodging","1","0","0%","9"
"does a military person lose homestead exemption when they get deployed for years","1","0","0%","4"
"does the state if florida offer disabled veterans property tax waiver on homes","1","0","0%","4"
"military bungalows destin florida","1","0","0%","2"
"how much of a discount does disabled veterans state of florida get on their property tax in escambia county discounted","1","0","0%","4"
"eglin in crestview","1","0","0%","8"
"in santa rosa county florida does a disabled veterans property tax reduction transfer to his spouse when he dies?","1","0","0%","3"
"i have a 70% disability from the va.can i get a break on my property  taxes in florida","1","0","0%","5"
"can art postitions get into base housing at hurlburt field","1","0","0%","5"
"military cottages navarre fl","1","0","0%","6"
"houses for military in fwb florida","1","0","0%","3"
"eglin housing western","1","0","0%","5"
"is shalimar part of fort walton or its own city","1","0","0%","9"
"does florida exempt 100% disabled  vets from. property tax?","1","0","0%","10"
"where do.military families.assigned.to.eglin live","1","0","0%","3"
"off base housing at eglin back in 2015","1","0","0%","8"
"shalimar housing eglin florida","1","0","0%","4"
"homes for veterans in destin florida","1","0","0%","2"
"pensacola bah rates","1","0","0%","4"
"military housing website fort walton beach fl","1","0","0%","3"
"information on nife at pensacola nas","1","1","100%","3"
"hurlburt field bah rate","1","0","0%","9"
"nj disabled veterans exempt from property taxes in florida homeowners","1","0","0%","9"
"no flood zone in pensacola what area is that","1","0","0%","6"
"are property taxes waived if concidered 100% tfiu in florida","1","0","0%","5"
"bah in fort walton beach","1","2","200%","1"
"bah eglin afb map of campus bookstore location","1","0","0%","7"
"bah pensacola fl","1","0","0%","10"
"is niceville or crestview the closest to pensacola","1","0","0%","1"
"corry station pensacola","1","0","0%","5"
"eglin afb florida on base housing","1","0","0%","9"
"pensacola bah o3","1","0","0%","7"
"us navy housing warrington florida","1","0","0%","2"
"at what prestage va disabled does a person not have to pay property taxes in florida","1","0","0%","5"
"bah rates in fort walton beach florida","1","0","0%","2"
"va assumable loan listing, pensacola, fl","1","0","0%","2"
"va assumable loan list, pensacola, fl","1","0","0%","2"
"crestview fl afb","1","0","0%","10"
"ospray landing hurlburt field","1","0","0%","8"
"bah rates for pensacola fl","1","0","0%","6"
"nas pensacola for sale","1","0","0%","3"
"pensacola fl flood zone map","1","0","0%","10"
"why would a disabled vet want to move to pensacola florida","1","0","0%","4"
"nas pensacola on base housing","1","0","0%","8"
"shalimar housing eglin fl","1","1","100%","4"
"florida homestead  miliatary exemption f","1","0","0%","5"
"o-3 bah pensacola","1","0","0%","6"
"nas whiting field bah","1","0","0%","10"
"nife flight school nas pensacola","1","0","0%","7"
"where do most people who work at eglin afb live","1","0","0%","2"
"matter at bluewater bay","1","0","0%","10"
"is t noisy to live near elgin afb","1","0","0%","5"
"if someone were training at hulbert field where would they most likely live","1","0","0%","10"
"va assumable mortgages in pensacola","1","0","0%","2"
"210 shalimar fwb","1","0","0%","1"
"is bluewater bay within the city limits of niceville?","1","0","0%","1"
"corry station senior apartments","1","0","0%","7"
"fla property taxes and combat related disability","1","0","0%","10"
"pensacola military base lodging","1","0","0%","7"
"air force 0-1 bah fort walton beach","1","0","0%","6"
"what year was east hill in pensacola established","1","0","0%","6"
"va qualified homes for sale in pensacola beach florida","1","0","0%","5"
"pensacola fl bah 2026","1","0","0%","5"
"military bases near pensacola fl for sale","1","0","0%","4"
"is a 5% funding occupation fee high?","1","0","0%","10"
"duke field 919 solrs","1","0","0%","7"
"can a contracted employee for hurlburt field live on base","1","1","100%","3"
"milton airfield nas pensacola","1","0","0%","2"
"navy dorms for aviation training centers in pensacola florida location","1","0","0%","6"
"nas whiting field airfield","1","0","0%","10"
"discount on home taxes for 80& va disability in florida","1","0","0%","9"
"house for sale eglin","1","0","0%","10"
"bah pensacola e5","1","0","0%","9"
"what school district is near hurlburt field","1","0","0%","10"
"hurlbert afb bah rates","1","0","0%","6"
"bah rates for pensacola","1","0","0%","4"
"pensacola marine school house wgere do students live","1","0","0%","7"
"destin fl military.base rentals","1","0","0%","4"
"it office corry","1","0","0%","5"
"twp pcs of nassales","1","0","0%","10"
"pensacola florida base housing waittimes","1","0","0%","3"
"what to take to tax collector to claim va 100% disability property tax deduction florida","1","0","0%","8"
"is beulah fl considered a safe area for families to live","1","0","0%","9"
"navy training helicopter at whiting field fl","1","0","0%","4"
"destin mitsry","1","0","0%","8"
"pine forest area in pensacola is it beulah?","1","0","0%","8"
"how much does okaloosa county fl property give for disabled people","1","0","0%","1"
"off base housing at eglin","1","0","0%","10"
"are disabled veterans tax exempt homestead in santa rosa county","1","1","100%","2"
"how do ii lower my excrow after qualifying for 100% disability in florida","1","0","0%","6"
"does pensacola require flood insurance","1","0","0%","5"
"military airbnb destin","1","0","0%","3"
"pensacola navy lodge reservations","1","0","0%","7"
"on base duke","1","0","0%","4"
"va homes for sale in pensacola","1","1","100%","2"
"va loan closing costs for buyer in florida","1","0","0%","3"
"va pricing fee florida disability","1","0","0%","7"
"hurlburt field off base free military weight pcs","1","0","0%","1"
"va disability 100% property tax in fl","1","0","0%","9"
"military bah pensacola 2026","1","0","0%","4"
"usaf 479 ftg is under which wing","1","0","0%","3"
"adds per filetype:svg","1","0","0%","2"
"helicopter training at nas whiting field","1","0","0%","9"
"property tax reduction due to military disability santa rosa county fl","1","0","0%","4"
"florida tax va disability","1","0","0%","7"
"pensacola bah rates 2026","1","0","0%","4"
"pensacola flood zone map","1","0","0%","9"
"nas pensacola whiting field","1","0","0%","9"
"gregg costinreviews","1","0","0%","1"
"ft walton beach fl bah","1","0","0%","4"
"wallace at corry station instructors list","1","0","0%","10"
"hunstville cory station","1","0","0%","7"
"property tax breaks for veterans in pensacola florida","1","0","0%","2"
"military home insurance company pensacola florida","1","0","0%","1"
"nios pensacola cwt","1","1","100%","6"
"proprty taxes in florida for 100% disabled veteran","1","0","0%","10"
"fwb mha","1","0","0%","5"
"pensacola bah o4","1","0","0%","5"
"nioc pensacola","1","0","0%","8"
"bluewater bay cabins eglin afb","1","1","100%","1"
"nas whiting field sec det naval air station milton, fl 32570 zillow","1","1","100%","1"
"corry station dorms","1","0","0%","6"
"does 100% va homestead exemption apply if only one of the two on deed is fully disabled florida","1","0","0%","6"
"hurlburt on base housing reddit","1","0","0%","10"
"pensacola military cluster ranking in us","1","0","0%","6"
"pensacola florida realtors who work with disabled veteran","1","0","0%","8"
"nami pensacola  pcs","1","0","0%","8"
"sna housing","1","0","0%","7"
"pensacola bah rate","1","0","0%","5"
"who runs hurlburt field housing","1","0","0%","6"
"bah eglin afb map","1","0","0%","9"
"if you're 100 va disability do you have to pay property tax on rental properties","1","0","0%","6"
"cost of base housing for naval cadet in pensacola, fla","1","0","0%","1"
"hey+google+is+there+a+navarre+or+gulf+breeze","1","0","0%","6"
"corry station uh pensacola fl address","1","0","0%","9"
"juhn parched netsafa","1","0","0%","10"
"bah e-2 hurlburt field florida","1","0","0%","7"
"okaloosa county ad volerum tax exemptions for disabled veterans","1","0","0%","2"
"wait times for onbase housing","1","0","0%","5"
"pensacola homes for sale close to navy base","1","0","0%","4"
"hurlburt field housing reviews","1","2","200%","6"
"how much do nas pensacola homes cost for active duty","1","0","0%","7"
"2026 bah hurlburt field","1","0","0%","5"
"florida 100% disabled veteran discount on property tax?","1","0","0%","10"
"ofort walton beach bah","1","1","100%","1"
"usaf bah crestview fl","1","0","0%","5"
"homes for sale duke field fl","1","0","0%","3"
"military community in gort walton","1","0","0%","2"
"do 7th special forces stay at eglin airforce base for a long pcs","1","0","0%","5"
"0-3 capt. bah fort walton beach","1","1","100%","1"
"does duke field have base lodging or dfac?","1","0","0%","6"
"can you break your lease between nas pensacola and nas whiting field?","1","0","0%","7"
"bah rates hurlburt field","1","0","0%","6"
"what is flood zone x in escambia county fl","1","0","0%","5"
"does nas in pensacola belongs to sou, soc, pac or js?","1","0","0%","10"
"corry station military housing","1","0","0%","6"
"how to file va disability for escambia county property taxes pay online","1","0","0%","4"
"whats bah at hurlbert field","1","0","0%","7"
"919 sow local travel guide","1","1","100%","2"
"florida property tax exemption 100% tdiu p&t","1","0","0%","7"
"how many cv22s does hurburt field have?","1","0","0%","5"
"where do you search for va assumable on florida mls","1","0","0%","1"
"military housing in destin fl","1","0","0%","2"
"current list of nas pensacola fl. banned property managers current list","1","2","200%","2"
"miitary cottages in destin florida","1","0","0%","5"
"bah usaf corry station","1","0","0%","6"
"navy dorms for aviation training centers in pensacola florida","1","0","0%","5"
"pros and cons of being stationed at hurlburt field for families","1","0","0%","6"
"do disabled veterans get discounted property tax in santa rosa florida","1","0","0%","4"
"what is the florida property tax rate for 100% va disability","1","0","0%","7"
"destin beach militaryguest housing","1","0","0%","1"
"what percentage of va disability rates property tax waiver in florida?","1","1","100%","1"
"base housing in crestvieww florida","1","1","100%","1"
"am i exempt from property taxes if my va service-connected evaluation is 70% in florida?","1","0","0%","4"
"pensacola nas lodging for air force cso school","1","0","0%","2"
"if you own property in escambia and santa rosa county can you attend school in either district","1","0","0%","6"
"where to live near eglin afb reddot","1","0","0%","9"
"n.a.s pensacola military pay chart for 2026","1","0","0%","6"
"florida va disability property tax exemption filing deadline","1","0","0%","7"
"texas bank loan bridge funding fee schedule for 2026","1","0","0%","6"
"does va tdiu disability qualify for waive of property tax in florida","1","0","0%","5"
"va assumable loan, pensacola, fl","1","0","0%","2"
"eglin longests commute from gate to work","1","0","0%","8"
"if military personnel owns home in florida and pcs orders how to maintean homestead","1","0","0%","5"
"best places to live in pensicola florida for military with young kids","1","0","0%","2"
"should you buy a house in crestview eglin afb","1","0","0%","1"
"pensacola florida cso training unit","1","0","0%","4"
"florida no property tax for veterans 100% disabled","1","0","0%","8"
"bah pensacola w dependents e6","1","0","0%","7"
"eglin snco housing","1","0","0%","10"
"is hulburt field a good base?","1","0","0%","4"
"ft. walton beach rentals properties for military members living","1","0","0%","7"
"hurlburt dorm waiting list","1","0","0%","10"
"duke field reservists","1","0","0%","9"
"florida homeowners insurance for military","1","0","0%","6"
"my husband is 70% disabled veteran in florida. does that affect property tax beyond 5000 credit","1","0","0%","7"
"nas pensacola student house","1","0","0%","5"
"where in pensacola do you get discount for 100 % disabled veteran'","1","0","0%","5"
"ft. walton beach rentals properties for military members","1","0","0%","5"
"military retirement crestview fl","1","0","0%","4"
"bah for e-4 at hurlburt field florid","1","0","0%","8"
"the exchange","1","0","0%","3"
"eglin florida bah e3 airforce 2026","1","0","0%","10"
"okaloosa county property tax for disabled veterans","1","0","0%","2"
