Query,Impressions28,Clicks28,Position28,Impressions90,Clicks90,Position90
"pensacola fl military home buyer va","8","0","2.8","22","0","2.3"
"training air wing five","0","0","","15","0","9.7"
"bah hurlburt field","0","0","","8","0","6.5"
"buying a home near nas pensacola","4","0","6","8","0","5.4"
"nas pensacola bah","3","0","6","7","0","6.1"
"hurlburt field bah","0","0","","6","0","9.3"
"if i buy a home in florida and are 100% va p&t disabled do i need to pay property tax? what about if it is my part time home and i live in nc half of the year?","3","0","10","6","0","8"
"santa rosa business taxes exemption for veterans","0","0","","5","0","7"
"nas pensacola realtor","5","0","4","5","0","4"
"pensacola bah","0","0","","4","0","10"
"nas pensacola base housing office for air force cso students","0","0","","4","0","7"
"property for sale near nas pensacola","0","0","","4","0","4"
"military friendly realtor pensacola fl","2","0","4","4","0","5.5"
"nas corry station bah","0","0","","4","0","4"
"usaf bah fort walton beach fl","0","0","","4","0","4"
"is the corry station tech school dorm at nas pensacola similar to the goodfellow air force base dorms?","4","0","5","4","0","5"
"houses for rent military in fwb florida","4","0","7","4","0","7"
"florida escambia county tax exemptions for veterans","4","0","8","4","0","8"
"33 fw eglin afb","0","0","","3","0","9"
"gregg costin","0","0","","3","0","7.7"
"nas pensacola housing","0","0","","3","0","10"
"jcac ""a"" school address pensacola, fl","0","0","","3","1","4"
"hurlburt field afb dorms spec ops","0","0","","3","0","9"
"pcs to eglin florida","0","0","","3","0","6"
"military relocation pensacola fl","1","0","4","3","0","4.7"
"best palce to live for flight school milton florida","0","0","","3","1","1"
"va assumable loans in pensacola beach florida","0","0","","3","1","1"
"army bah crestview","3","0","4","3","0","4"
"does penscaola to hurlburt field count as a pca or pcs","3","0","4","3","0","4"
"does a 40% va disability qualify for property tax discount in florida","3","1","5","3","1","5"
"florida va tax exemptions","3","0","10","3","0","10"
"duke field housing","3","0","6","3","0","6"
"nas pensacola gate hours","3","0","3","3","0","3"
"what is the mound at saufley field road","3","0","4","3","0","4"
"hurlburt field bah rates","0","0","","2","0","8"
"hurlburt field housing waitlist stats","0","0","","2","0","5"
"duke on base","0","0","","2","0","6"
"corry station uh","0","0","","2","0","5"
"florida property tax for 100% disabled vets","0","0","","2","0","10"
"escambia county property taxes for disabled veterans","0","0","","2","0","4"
"soughley field nas pensacola","0","0","","2","0","3"
"military condos in niceville florida","0","0","","2","0","2"
"florida property tax waiver for disabled vets","0","0","","2","0","4"
"479 pensacola nas cc","0","0","","2","0","9"
"hurlburt field bah 2026","0","0","","2","0","7"
"battle of the beachs hurlburt field 2026","0","0","","2","0","2"
"nas pensacola cso school","0","0","","2","0","2"
"homes for sale near nas pensacola","0","0","","2","0","4"
"nioc forest guide","0","0","","2","0","9"
"hurlburt field afb bah","0","0","","2","0","8"
"fort walton beach bah","0","0","","2","0","4"
"va qualified homes for sale in pensacola","0","0","","2","0","5"
"pensacola nas air force officer bah","0","0","","2","0","10"
"eaf schoolhouse nas pensacola","0","0","","2","0","6"
"pensacola military housing","0","0","","2","0","4"
"33rd fw dorm managment","0","0","","2","0","10"
"helicopter training base milton florida advanced school","0","0","","2","0","4"
"hurlburt field housing bah rates","0","0","","2","0","10"
"training air wing 1 nas whiting field","0","0","","2","0","8"
"ciwt pensacola","0","0","","2","0","8"
"saufley field pensacola","0","0","","2","0","9"
"duke field bah amount","0","0","","2","0","6"
"e-5 bah in hurlburt field fl","0","0","","2","0","7"
"corry air force pensacola","0","0","","2","0","4"
"santa rosa county florida tax exemption for disabled veterans","0","0","","2","0","4"
"va properties for sale in pensacola","0","0","","2","0","2"
"netsafa pensacola","0","0","","2","0","10"
"military housing walton county and okaloosa countyu","0","0","","2","0","4"
"850-266-5005","0","0","","2","0","6"
"creatview housing for sale eglin florida","0","0","","2","0","2"
"okaloosa county military 100% disability property tax free","0","0","","2","0","2"
"pensacola bah 2026","1","0","5","2","0","6.5"
"bah in nas pensacola","0","0","","2","0","8"
"pensacola elementary schools for military","0","0","","2","0","6"
"houses near nas pensacola for sale","0","0","","2","0","5"
"2026 bah rates look up","0","0","","2","0","8"
"100% disabled veteran capital gains tax exemption florida requirements","0","0","","2","0","10"
"homes for sale near nas pensacola florida","0","0","","2","0","4"
"military bases near pensacola fl for sale jackson st pete","0","0","","2","0","7"
"should you buy a house in crestview eglin afb reddit","0","0","","2","0","5"
"nas pensacola flight student average rent if you have roommates","0","0","","2","0","6"
"do army special forces units have personal housing at eglin","0","0","","2","0","4"
"corry station pensacola fl bha","0","0","","2","0","6"
"tell me about gregg costin realator net worth","0","0","","2","0","7"
"if you're 100 va disability do you have to pay property tax on rentals?","2","0","7","2","0","7"
"what is average commute from niceville/bluewater bay  to hulburt feild","2","0","4","2","0","4"
"military days off in corry station","2","0","6","2","0","6"
"what is bah for pensacola fl","2","0","10","2","0","10"
"file property tax exemption for 100% disabled veteran escambia florida","2","0","3","2","0","3"
"corry station off of liberia how much the two bedrooms go for","2","0","2","2","0","2"
"va 100 percent p and t disability can i apply for property tax emeption online in orange county florida","2","0","7","2","0","7"
"nas pensacola base housing recent news","2","0","5","2","0","5"
"what does a veteran pay for property taxes in flirida?","2","0","8","2","0","8"
"is hurlburt field a good base","2","0","4","2","0","4"
"okaloosa tax office exemptions for veterans in florida","2","0","4","2","0","4"
"okaloosa tax exemption filing military total and permanent disability","2","0","4","2","0","4"
"how much do nas pensacola homes cost for active duty on base rent","2","0","2","2","0","2"
"what is a screening for military pcs for","2","0","5","2","0","5"
"what are the qualifications for a veterans exemptions for proprty tax in escambia county fl","2","0","4","2","0","4"
"bah for crestview, fl","2","0","8","2","0","8"
"bah pensacola 2026","2","0","5","2","0","5"
"liberty military housing","2","0","7","2","0","7"
"how much is bah in pensacola","2","0","7","2","0","7"
"does va unemployability in florida pay no property tax","2","0","3","2","0","3"
"850 266 5005","2","0","4","2","0","4"
"nas visitors center pensacola hours","2","0","7","2","0","7"
"what is the difference between northeast pensacola and ferry pass?","2","0","8","2","0","8"
"in escambia county fl, what is the vetern partial disability exemption for 10% disability?","2","0","4","2","0","4"
"who could you rent out your place to nas pensacola","2","0","6","2","0","6"
"what realtors work with disable veterans in pensacola florida","2","0","6","2","0","6"
"afsoc dorms","2","0","1","2","0","1"
"bah for fort walto beach 2026","2","0","5","2","0","5"
"property tax break for disabled veterans florida","2","0","4","2","0","4"
"wehn you go to pensicola for flight school can you lif off base","2","0","2","2","0","2"
"comm trng ctr corry station (stud pers)","2","0","10","2","0","10"
"bah in fort walton beach","0","0","","1","2","1"
"destin mitsry","0","0","","1","0","8"
"pensacola bah rates","0","0","","1","0","4"
"corry station uh pensacola fl address","0","0","","1","0","9"
"eglin housing western","0","0","","1","0","5"
"what is the florida property tax rate for 100% va disability","0","0","","1","0","7"
"bah eglin afb map of campus bookstore location","0","0","","1","0","7"
"pensacola florida cso training unit","0","0","","1","0","4"
"florida 100% disabled veteran discount on property tax?","0","0","","1","0","10"
"bah eglin afb map","0","0","","1","0","9"
"it office corry","0","0","","1","0","5"
"pensacola military cluster ranking in us","0","0","","1","0","6"
"eglin afb florida on base housing","0","0","","1","0","9"
"helicopter training at nas whiting field","0","0","","1","0","9"
"va homes for sale in pensacola","0","0","","1","1","2"
"nios pensacola cwt","0","0","","1","1","6"
"can art postitions get into base housing at hurlburt field","0","0","","1","0","5"
"florida no property tax for veterans 100% disabled","0","0","","1","0","8"
"fla property taxes and combat related disability","0","0","","1","0","10"
"military housing in destin fl","0","0","","1","0","2"
"nas pensacola student house","0","0","","1","0","5"
"military bungalows destin florida","0","0","","1","0","2"
"military airbnb destin","0","0","","1","0","3"
"whiting field primary","0","0","","1","0","2"
"florida property tax exemption 100% tdiu p&t","0","0","","1","0","7"
"bah rates hurlburt field","0","0","","1","0","6"
"nami pensacola  pcs","0","0","","1","0","8"
"bah e-2 hurlburt field florida","0","0","","1","0","7"
"where do most people who work at eglin afb live","0","0","","1","0","2"
"hurlburt on base housing reddit","0","0","","1","0","10"
"va pricing fee florida disability","0","0","","1","0","7"
"duke field 919 solrs","0","0","","1","0","7"
"matter at bluewater bay","0","0","","1","0","10"
"1 in 8 families at hurlburt","0","0","","1","1","1"
"pensacola bah rates 2026","0","0","","1","0","4"
"what school district is near hurlburt field","0","0","","1","0","10"
"can you break your lease between nas pensacola and nas whiting field?","0","0","","1","0","7"
"twp pcs of nassales","0","0","","1","0","10"
"what year was east hill in pensacola established","0","0","","1","0","6"
"bah pensacola e5","0","0","","1","0","9"
"crestview fl afb","0","0","","1","0","10"
"va qualified homes for sale in pensacola beach florida","0","0","","1","0","5"
"pensacola homes for sale close to navy base","0","0","","1","0","4"
"homes for sale duke field fl","0","0","","1","0","3"
"va disability 100% property tax in fl","0","0","","1","0","9"
"usaf 479 ftg is under which wing","0","0","","1","0","3"
"where do you search for va assumable on florida mls","0","0","","1","0","1"
"military home insurance company pensacola florida","0","0","","1","0","1"
"919 sow local travel guide","0","0","","1","1","2"
"base housing in crestvieww florida","0","0","","1","1","1"
"duke field reservists","0","0","","1","0","9"
"nas whiting field pensaocla","0","0","","1","0","8"
"where do.military families.assigned.to.eglin live","0","0","","1","0","3"
"bah rates for pensacola","0","0","","1","0","4"
"hurlburt dorm waiting list","0","0","","1","0","10"
"how much of a discount does disabled veterans state of florida get on their property tax in escambia county discounted","0","0","","1","0","4"
"ospray landing hurlburt field","0","0","","1","0","8"
"corry station military housing","0","0","","1","0","6"
"bah rates for pensacola fl","0","0","","1","0","6"
"2026 bah hurlburt field","0","0","","1","0","5"
"juhn parched netsafa","0","0","","1","0","10"
"hunstville cory station","0","0","","1","0","7"
"shalimar housing eglin fl","0","0","","1","1","4"
"ft walton beach fl bah","0","0","","1","0","4"
"eglin florida bah e3 airforce 2026","0","0","","1","0","10"
"pensacola bah rate","0","0","","1","0","5"
"210 shalimar fwb","0","0","","1","0","1"
"nioc pensacola","0","0","","1","0","8"
"ft. walton beach rentals properties for military members living","0","0","","1","0","7"
"whats bah at hurlbert field","0","0","","1","0","7"
"shalimar housing eglin florida","0","0","","1","0","4"
"does va tdiu disability qualify for waive of property tax in florida","0","0","","1","0","5"
"ft. walton beach rentals properties for military members","0","0","","1","0","5"
"nas pensacola whiting field","0","0","","1","0","9"
"nas whiting field bah","0","0","","1","0","10"
"usaf bah crestview fl","0","0","","1","0","5"
"nas whiting field helicopter training","0","0","","1","1","3"
"destin beach militaryguest housing","0","0","","1","0","1"
"where in pensacola do you get discount for 100 % disabled veteran'","0","0","","1","0","5"
"is shalimar part of fort walton or its own city","0","0","","1","0","9"
"florida homeowners insurance for military","0","0","","1","0","6"
"destin fl military.base rentals","0","0","","1","0","4"
"pensacola nas lodging for air force cso school","0","0","","1","0","2"
"va assumable mortgages in pensacola","0","0","","1","0","2"
"nas whiting field airfield","0","0","","1","0","10"
"miitary cottages in destin florida","0","0","","1","0","5"
"property tax breaks for veterans in pensacola florida","0","0","","1","0","2"
"is a 5% funding occupation fee high?","0","0","","1","0","10"
"bah rates in fort walton beach florida","0","0","","1","0","2"
"o-3 bah pensacola","0","0","","1","0","6"
"eglin longests commute from gate to work","0","0","","1","0","8"
"hurlburt field bah rate","0","0","","1","0","9"
"okaloosa county property tax for disabled veterans","0","0","","1","0","2"
"if military personnel owns home in florida and pcs orders how to maintean homestead","0","0","","1","0","5"
"wait times for onbase housing","0","0","","1","0","5"
"bah for e-4 at hurlburt field florid","0","0","","1","0","8"
"best places to live in pensicola florida for military with young kids","0","0","","1","0","2"
"texas bank loan bridge funding fee schedule for 2026","0","0","","1","0","6"
"military bah pensacola 2026","0","0","","1","0","4"
"adds per filetype:svg","0","0","","1","0","2"
"off base housing at eglin back in 2015","0","0","","1","0","8"
"does duke field have base lodging or dfac?","0","0","","1","0","6"
"do 7th special forces stay at eglin airforce base for a long pcs","0","0","","1","0","5"
"where to live near eglin afb reddot","0","0","","1","0","9"
"in santa rosa county florida does a disabled veterans property tax reduction transfer to his spouse when he dies?","0","0","","1","0","3"
"military bases near pensacola fl for sale","0","0","","1","0","4"
"sna housing","0","0","","1","0","7"
"are property taxes waived if concidered 100% tfiu in florida","0","0","","1","0","5"
"property tax reduction due to military disability santa rosa county fl","0","0","","1","0","4"
"off base housing at eglin","0","0","","1","0","10"
"current list of nas pensacola fl. banned property managers current list","0","0","","1","2","2"
"can a contracted employee for hurlburt field live on base","0","0","","1","1","3"
"who runs hurlburt field housing","0","0","","1","0","6"
"is beulah fl considered a safe area for families to live","0","0","","1","0","9"
"bah pensacola fl","0","0","","1","0","10"
"military community in gort walton","0","0","","1","0","2"
"prone flood zones in city of pensacola, florida","0","0","","1","0","5"
"does florida exempt 100% disabled  vets from. property tax?","0","0","","1","0","10"
"on base duke","0","0","","1","0","4"
"should you buy a house in crestview eglin afb","0","0","","1","0","1"
"the exchange","0","0","","1","0","3"
"bah for fort walton","0","0","","1","0","5"
"wallace at corry station instructors list","0","0","","1","0","10"
"eglin afb bah rate for off base","0","0","","1","0","7"
"military housing website fort walton beach fl","0","0","","1","0","3"
"fwb mha","0","0","","1","0","5"
"nife flight school nas pensacola","0","0","","1","0","7"
"does nas in pensacola belongs to sou, soc, pac or js?","0","0","","1","0","10"
"homes for veterans in destin florida","0","0","","1","0","2"
"nas whiting field sec det naval air station milton, fl 32570 zillow","0","0","","1","1","1"
"are disabled veterans tax exempt homestead in santa rosa county","0","0","","1","1","2"
"pensacola flood zone map","0","0","","1","0","9"
"navy dorms for aviation training centers in pensacola florida","0","0","","1","0","5"
"nas pensacola for sale","0","0","","1","0","3"
"zone x pensalcla non flood zone","0","0","","1","0","2"
"va assumable loan list, pensacola, fl","0","0","","1","0","2"
"navy dorms for aviation training centers in pensacola florida location","0","0","","1","0","6"
"military cottages navarre fl","0","0","","1","0","6"
"va assumable loan, pensacola, fl","0","0","","1","0","2"
"how to file va disability for escambia county property taxes pay online","0","0","","1","0","4"
"va assumable loan listing, pensacola, fl","0","0","","1","0","2"
"okaloosa county ad volerum tax exemptions for disabled veterans","0","0","","1","0","2"
"hurlburt field off base free military weight pcs","0","0","","1","0","1"
"what to take to tax collector to claim va 100% disability property tax deduction florida","0","0","","1","0","8"
"hurlburt field housing reviews","1","2","6","1","2","6"
"okaloosa counta va home tax exemption","1","1","5","1","1","5"
"us navy housing warrington florida","1","0","2","1","0","2"
"pensacola marine school house wgere do students live","1","0","7","1","0","7"
"military retirement crestview fl","1","0","4","1","0","4"
"do disabled veterans get discounted property tax in santa rosa florida","1","0","4","1","0","4"
"n.a.s pensacola military pay chart for 2026","1","0","6","1","0","6"
"bah pensacola w dependents e6","1","0","7","1","0","7"
"milton airfield nas pensacola","1","0","2","1","0","2"
"military base in destin florida vacation rentals","1","0","9","1","0","9"
"nj disabled veterans exempt from property taxes in florida homeowners","1","0","9","1","0","9"
"corry station senior apartments","1","0","7","1","0","7"
"air force 0-1 bah fort walton beach","1","0","6","1","0","6"
"is hulburt field a good base?","1","0","4","1","0","4"
"discount on home taxes for 80& va disability in florida","1","0","9","1","0","9"
"how many cv22s does hurburt field have?","1","0","5","1","0","5"
"does pensacola require flood insurance","1","0","5","1","0","5"
"house for sale eglin","1","0","10","1","0","10"
"cost of base housing for naval cadet in pensacola, fla","1","0","1","1","0","1"
"pine forest area in pensacola is it beulah?","1","0","8","1","0","8"
"does a military person lose homestead exemption when they get deployed for years","1","0","4","1","0","4"
"pros and cons of being stationed at hurlburt field for families","1","0","6","1","0","6"
"does the state if florida offer disabled veterans property tax waiver on homes","1","0","4","1","0","4"
"pensacola fl flood zone map","1","0","10","1","0","10"
"am i exempt from property taxes if my va service-connected evaluation is 70% in florida?","1","0","4","1","0","4"
"is bluewater bay within the city limits of niceville?","1","0","1","1","0","1"
"eglin in crestview","1","0","8","1","0","8"
"va loan closing costs for buyer in florida","1","0","3","1","0","3"
"no flood zone in pensacola what area is that","1","0","6","1","0","6"
"my husband is 70% disabled veteran in florida. does that affect property tax beyond 5000 credit","1","0","7","1","0","7"
"what is flood zone x in escambia county fl","1","0","5","1","0","5"
"does 100% va homestead exemption apply if only one of the two on deed is fully disabled florida","1","0","6","1","0","6"
"how do ii lower my excrow after qualifying for 100% disability in florida","1","0","6","1","0","6"
"pensacola fl curfew exemption for military","1","0","6","1","0","6"
"if you're 100 va disability do you have to pay property tax on rental properties","1","0","6","1","0","6"
"i have a 70% disability from the va.can i get a break on my property  taxes in florida","1","0","5","1","0","5"
"what percentage of va disability rates property tax waiver in florida?","1","1","1","1","1","1"
"bluewater bay cabins eglin afb","1","1","1","1","1","1"
"disabled veteran benefits in pensacola fl","1","1","7","1","1","7"
"information on nife at pensacola nas","1","1","3","1","1","3"
"nas pensacola on base housing","1","0","8","1","0","8"
"how much does okaloosa county fl property give for disabled people","1","0","1","1","0","1"
"pensacola military base lodging","1","0","7","1","0","7"
"pensacola florida base housing waittimes","1","0","3","1","0","3"
"is niceville or crestview the closest to pensacola","1","0","1","1","0","1"
"pensacola florida realtors who work with disabled veteran","1","0","8","1","0","8"
"hey+google+is+there+a+navarre+or+gulf+breeze","1","0","6","1","0","6"
"florida va disability property tax exemption filing deadline","1","0","7","1","0","7"
"why would a disabled vet want to move to pensacola florida","1","0","4","1","0","4"
"pensacola naval station lodging","1","0","9","1","0","9"
"if someone were training at hulbert field where would they most likely live","1","0","10","1","0","10"
"pensacola fl bah 2026","1","0","5","1","0","5"
"at what prestage va disabled does a person not have to pay property taxes in florida","1","0","5","1","0","5"
"how much do nas pensacola homes cost for active duty","1","0","7","1","0","7"
"florida va disability property tax","1","0","10","1","0","10"
"florida tax va disability","1","0","7","1","0","7"
"proprty taxes in florida for 100% disabled veteran","1","0","10","1","0","10"
"houses for military in fwb florida","1","0","3","1","0","3"
"florida homestead  miliatary exemption f","1","0","5","1","0","5"
"pensacola navy lodge reservations","1","0","7","1","0","7"
"dbids nas pensacola access","1","1","4","1","1","4"
"are disabled military veterans that exempt from property tax on a home in florida","1","1","5","1","1","5"
"are the windchase bay condominiums in pensacola,fl. on the approval list for a va loan?","1","1","2","1","1","2"
"military friendlybeach condos in pensacola fl","1","1","3","1","1","3"
"military base lodging  pensacola florida","1","0","10","1","0","10"
"does florida give disabled veterans that are 100% free property tax","1","0","9","1","0","9"
"what is the florida property tax exemption for 100% disabled war veterans","1","0","9","1","0","9"
"eglin on base housing","1","0","10","1","0","10"
"can a disabled veteran get a tax break in florida as a disabled veteran on a second home","1","0","7","1","0","7"
"fl property tax for disabled veterans","1","0","8","1","0","8"
"is a veteran with a 60 per cent disability rating exempt from paying property taxes in the state of florida","1","0","7","1","0","7"
"which gate at eglin afb is through shalimar","1","0","5","1","0","5"
"ngis pensacola check out time","1","0","4","1","0","4"
"if i move from escambia county to santa rosa, do i have to switch schools mid year?","1","0","5","1","0","5"
"florida property taxes for disabled veterans","1","0","6","1","0","6"
"can you be exempt from property tax in fl for haveing va disability","1","0","4","1","0","4"
"permanent total disability and real estate taxes by county in florida","1","0","4","1","0","4"
"e5 bah rates pensacola","1","0","9","1","0","9"
"nas pensacola flood map","1","0","9","1","0","9"
"how much is a disability exemption in florida for taxes","1","0","6","1","0","6"
"what 's best rent or buy in pensacola, fl for a veteran?","1","0","2","1","0","2"
"100 va disabled exemption on house tax go to spouse florida","1","0","5","1","0","5"
"veterans disability property tax exemption florida","1","0","6","1","0","6"
"hurlburt afb bah","1","0","9","1","0","9"
"a veteran in florida has a combat-related disability. according to a 2020 law, what will happen to his homestead property tax discount after he dies","1","0","7","1","0","7"
"are condos property tax exempt in florida for 100% disabled veterans","1","0","4","1","0","4"
"hurlburt field rate","1","0","6","1","0","6"
"wifi available at corry station in pensacola fl 32511","1","0","1","1","0","1"
"does florida exempt disabled veterans from any real estate taxes?","1","0","9","1","0","9"
"what percent do florida veterans need for tax home tax exzemption","1","0","9","1","0","9"
"afsoc pc-12 hurlburt field","0","0","","0","0",""
"what is the 370 socts hurlburt","0","0","","0","0",""
"what is the name of the test wing at eglin afb fl","0","0","","0","0",""
"military homes to rent in destin florida","0","0","","0","0",""
"reddit pcs to eglin afb","0","0","","0","0",""
"pensacola millitary real state agent gregg","0","0","","0","0",""
"saufley base","0","0","","0","0",""
"military schools around gulf breeze","0","0","","0","0",""
"87th ews","0","0","","0","0",""
"where are air froce p24sts based","0","0","","0","0",""
"military homes in destin florida","0","0","","0","0",""
"shailmar to fwb","0","0","","0","0",""
"eglin afb crestview housing","0","0","","0","0",""
"whiting fieldflight traininers","0","0","","0","0",""
"919th soces address","0","0","","0","0",""
"niceville housing near eglin ab","0","0","","0","0",""
"is whiting field part of nas pensacola","0","0","","0","0",""
"is eglin afb a good place to live army","0","0","","0","0",""
"does eglin afb have without dependent housing?","0","0","","0","0",""
"destin fl military vacation housing","0","0","","0","0",""
"where is the the eglin base commander housing","0","0","","0","0",""
"eglin af base on post housing","0","0","","0","0",""
"afsoc#TAB# time zone","0","0","","0","0",""
"nas whiting zip","0","0","","0","0",""
"gregg costin – levin rinke realty (forbes global properties)","0","0","","0","0",""
"eglin afb housing floor plans","0","0","","0","0",""
"military housing destin florida","0","0","","0","0",""
"do the students who do fixed wing training at nas whiting field always go into rotary wing aircraft later","0","0","","0","0",""
"nas whiting field training air wing 5","0","0","","0","0",""
"24th sow address on hurlburt field","0","0","","0","0",""
"usaf pensacola cso training","0","0","","0","0",""
"crestview, fl schools military kids","0","0","","0","0",""
"military rental homes navarre fl","0","0","","0","0",""
"eglin afb dorms","0","0","","0","0",""
"nas pensacola cso school welcome guide","0","0","","0","0",""
"323rd basic military training dorms address","0","0","","0","0",""
"eglin air force base housing for officers","0","0","","0","0",""
"98 fw eglin","0","0","","0","0",""
"navy housing for pensacola nattc","0","0","","0","0",""
"33rd acedemci trainign center 33rd side eglin afb","0","0","","0","0",""
"whitng field military instructionds","0","0","","0","0",""
"is crestview florida a military town","0","0","","0","0",""
"f 35 eglin afb listing of units","0","0","","0","0",""
"florida eglin work on base with housing","0","0","","0","0",""
"hurlburt field bah rate 2026","0","0","","0","0",""
"who does the 337 ews fall under","0","0","","0","0",""
"militray housing for civilians in destin fl area","0","0","","0","0",""
"""eglin"" (owner relations or guest relations or maintenance or hoa or cam) (resort or condo)","0","0","","0","0",""
"nas whiting field 6004 mos school","0","0","","0","0",""
"nas gulf breeze","0","0","","0","0",""
"realtors for retired military pensacola florida alabama areas","0","0","","0","0",""
"cwt nioc pensacola","0","0","","0","0",""
"crestview, florida housing for eglin afb soldiers","0","0","","0","0",""
"pensacola naval base cso school","0","0","","0","0",""
"hurlburt field florida base housing","0","0","","0","0",""
"eglin afb dorm management","0","0","","0","0",""
"best realtor for military families buying luxury homes in pensacola","0","0","","0","0",""
"bah rate hurlburt field","0","0","","0","0",""
"corry station boty","0","0","","0","0",""
"pensacola active duty ticket gulf breeze","0","0","","0","0",""
"east of bluewater bay","0","0","","0","0",""
"how fair is mary ester from hurlburt field air force base","0","0","","0","0",""
"whiting field pensacola fl","0","0","","0","0",""
"east of bluewater bay florida is where","0","0","","0","0",""
"gregg costin levin rinke","0","0","","0","0",""
"east of bluewater bay is where","0","0","","0","0",""
"naval base pensacola pcs","0","0","","0","0",""
"cso pensacola","0","0","","0","0",""
"spacious 5-bedroom home with easy access to eglin, duke field & 7th group","0","0","","0","0",""
"navy exchange corry station","0","0","","0","0",""
"rise - corry station housing","0","0","","0","0",""
"whiting field pensacola","0","0","","0","0",""
"479 ftg nas pensacola","0","0","","0","0",""
"cso training pensacola","0","0","","0","0",""
"33rd at eglin","0","0","","0","0",""
"bah rate ft waton beach fl","0","0","","0","0",""
"does anyone live on duke field","0","0","","0","0",""
"ofort walton beach bah","0","0","","0","0",""
"0-3 capt. bah fort walton beach","0","0","","0","0",""
"bah pensacola","0","0","","0","0",""
"pensacola nfo squadron","0","0","","0","0",""
"pensacola ms military housing","0","0","","0","0",""
"gregg costin pensacola fl","0","0","","0","0",""
"how many base partners does hurlburt support","0","0","","0","0",""
"basic allowance for housing hurlburt field","0","0","","0","0",""
"eglin afb city location dorm map","0","0","","0","0",""
"nas whiting field advanced rider course","0","0","","0","0",""
"bah in pensacola florida","0","0","","0","0",""
"cordova park pns","0","0","","0","0",""
"corry station dorms","0","0","","0","0",""
"navy training helicopter at whiting field fl","0","0","","0","0",""
"corry station pensacola","0","0","","0","0",""
"gregg costinreviews","0","0","","0","0",""
"is t noisy to live near elgin afb","0","0","","0","0",""
"eglin snco housing","0","0","","0","0",""
"if you own property in escambia and santa rosa county can you attend school in either district","0","0","","0","0",""
"hurlbert afb bah rates","0","0","","0","0",""
"pensacola bah o4","0","0","","0","0",""
"bah usaf corry station","0","0","","0","0",""
"eglin afb housing application","0","0","","0","0",""
"pensacola bah o3","0","0","","0","0",""
"trawing 5 primary stu comp","0","0","","0","0",""
