Page,Impressions28,Clicks28,Position28,Impressions90,Clicks90,Position90
"/va-disability-property-tax-florida","132","4","6","213","5","6.1"
"/bah-rates","25","0","6.8","184","2","6.5"
"/bases/whiting-field","0","0","","39","3","7.6"
"/bases/eglin-afb","1","0","10","37","0","6.2"
"/bases/hurlburt-field","20","0","7","33","1","7"
"/bases/nas-pensacola","3","0","6","32","0","5.5"
"/","17","0","4.1","27","0","3.9"
"/on-base-vs-off-base-hurlburt-field","10","2","5.8","25","3","5.8"
"/bases/saufley-field","4","0","4","19","1","7.6"
"/bases/corry-station","5","0","6.6","18","1","5.8"
"/communities/crestview","10","0","5.4","17","1","4.8"
"/homes-for-sale-nas-pensacola","0","0","","17","1","3.4"
"/communities/fort-walton-beach","6","0","5.8","14","1","4.9"
"/on-base-vs-off-base-nas-pensacola","11","0","5.3","14","2","5.1"
"/on-base-vs-off-base-corry-station","8","0","4","13","0","4.1"
"/bases/duke-field","0","0","","11","1","6.5"
"/communities/destin","1","0","9","9","0","3.9"
"/florida-homestead-exemption-military","5","0","5.2","9","0","4.6"
"/assumable-va-loans-pensacola","0","0","","9","1","2.7"
"/nas-pensacola-gates","9","1","4.9","9","1","4.9"
"/flight-school-housing-pensacola","3","1","6.3","7","1","6.1"
"/pensacola-flood-zones-homebuyers","4","0","6","7","0","5.1"
"/military-lodging-pensacola","7","0","6.6","7","0","6.6"
"/on-base-vs-off-base-eglin-afb","1","0","10","5","0","8.8"
"/first-time-military-homebuyer","1","0","2","5","0","2.2"
"/disabled-veteran-benefits-florida","5","1","5.6","5","1","5.6"
"/on-base-vs-off-base-duke-field","4","0","6","4","0","6"
"/reviews","1","0","4","4","0","4.8"
"/blog/florida-veteran-property-tax-county-guide","4","0","6","4","0","6"
"/communities/niceville","1","1","1","3","1","5.3"
"/communities/milton","1","0","2","3","0","5"
"/school-zones-military-families","1","0","5","3","0","3.3"
"/va-funding-fee-2026","0","0","","3","0","7.7"
"/buy","0","0","","3","0","2"
"/about","0","0","","3","0","5"
"/communities/navy-point-warrington","3","0","4","3","0","4"
"/niceville-vs-crestview","3","0","2.7","3","0","2.7"
"/communities/navarre","0","0","","2","0","4.5"
"/communities/beulah","1","0","8","2","0","8"
"/communities/east-hill","0","0","","1","0","6"
"/florida-home-insurance-military","0","0","","1","0","1"
"/pcs-schools-by-base","0","0","","1","0","9"
"/communities/ferry-pass","0","0","","1","0","7"
"/military-rental-property-management","0","0","","1","0","3"
"/va-loan-closing-costs-florida","1","0","3","1","0","3"
"/nas-pensacola-vs-hurlburt-field","1","0","3","1","0","3"
"/faq","1","0","1","1","0","1"
"/gulf-breeze-vs-navarre","1","0","6","1","0","6"
"/communities","1","1","3","1","1","3"
"/va-approved-condos-pensacola","1","1","2","1","1","2"
"/rent-or-sell-pcs-pensacola","1","0","2","1","0","2"
"/communities/gulf-breeze","0","0","","0","0",""
"/communities/cordova-park","0","0","","0","0",""
