Top pages,Clicks,Impressions,CTR,Position
"https://pensacolamilitaryhousing.com/bah-rates","48","9117","0.5%","8.5"
"https://pensacolamilitaryhousing.com/","30","1576","1.9%","13.5"
"https://pensacolamilitaryhousing.com/assumable-va-loans-pensacola","14","54","25.9%","4.4"
"https://pensacolamilitaryhousing.com/pensacola-flood-zones-homebuyers","11","479","2.3%","8.0"
"https://pensacolamilitaryhousing.com/bases/corry-station","9","1320","0.7%","9.8"
"https://pensacolamilitaryhousing.com/bases/nas-pensacola","8","1905","0.4%","18.2"
"https://pensacolamilitaryhousing.com/bases/eglin-afb","4","1630","0.2%","32.8"
"https://pensacolamilitaryhousing.com/communities/navy-point-warrington","4","330","1.2%","18.6"
"https://pensacolamilitaryhousing.com/bases/whiting-field","3","668","0.4%","17.9"
"https://pensacolamilitaryhousing.com/bases/saufley-field","3","391","0.8%","12.1"
"https://pensacolamilitaryhousing.com/reviews","3","159","1.9%","19.4"
"https://pensacolamilitaryhousing.com/communities/perdido-key","3","134","2.2%","12.7"
"https://pensacolamilitaryhousing.com/blog/florida-veteran-property-tax-county-guide","3","130","2.3%","20.2"
"https://pensacolamilitaryhousing.com/on-base-vs-off-base-nas-pensacola","3","39","7.7%","7.7"
"https://pensacolamilitaryhousing.com/bases/hurlburt-field","2","1106","0.2%","23.6"
"https://pensacolamilitaryhousing.com/faq","2","295","0.7%","17.9"
"https://pensacolamilitaryhousing.com/va-disability-property-tax-florida","2","202","1%","9.8"
"https://pensacolamilitaryhousing.com/communities/beulah","2","155","1.3%","13.4"
"https://pensacolamilitaryhousing.com/communities/east-hill","2","122","1.6%","21.6"
"https://pensacolamilitaryhousing.com/communities/cantonment","2","113","1.8%","17.6"
"https://pensacolamilitaryhousing.com/flight-school-housing-pensacola","2","42","4.8%","8.6"
"https://pensacolamilitaryhousing.com/communities/milton","1","659","0.2%","22.8"
"https://pensacolamilitaryhousing.com/communities/fort-walton-beach","1","638","0.2%","9.9"
"https://pensacolamilitaryhousing.com/bases/duke-field","1","488","0.2%","11.3"
"https://pensacolamilitaryhousing.com/communities/pace","1","371","0.3%","14.2"
"https://pensacolamilitaryhousing.com/communities/navarre","1","322","0.3%","9.2"
"https://pensacolamilitaryhousing.com/communities/crestview","1","320","0.3%","9.0"
"https://pensacolamilitaryhousing.com/communities/niceville","1","316","0.3%","9.8"
"https://pensacolamilitaryhousing.com/about","1","250","0.4%","14.1"
"https://pensacolamilitaryhousing.com/communities/bellview-myrtle-grove","1","223","0.4%","20.6"
"https://pensacolamilitaryhousing.com/communities/shalimar","1","212","0.5%","14.5"
"https://pensacolamilitaryhousing.com/pcs-guide","1","170","0.6%","26.5"
"https://pensacolamilitaryhousing.com/nas-pensacola-vs-hurlburt-field","1","129","0.8%","6.9"
"https://pensacolamilitaryhousing.com/buy","1","98","1%","42.8"
"https://pensacolamilitaryhousing.com/military-lodging-pensacola","1","66","1.5%","8.8"
"https://pensacolamilitaryhousing.com/pcs-schools-by-base","1","44","2.3%","8.0"
"https://pensacolamilitaryhousing.com/va-approved-condos-pensacola","1","40","2.5%","5.3"
"https://pensacolamilitaryhousing.com/blog/best-pensacola-neighborhoods-by-rank-bah","1","29","3.4%","10.5"
"https://pensacolamilitaryhousing.com/school-zones-military-families","1","13","7.7%","8.4"
"https://pensacolamilitaryhousing.com/homes-for-sale-hurlburt-field","1","13","7.7%","18.4"
"https://pensacolamilitaryhousing.com/communities/east-pensacola-heights","0","307","0%","27.2"
"https://pensacolamilitaryhousing.com/blog/va-loan-seller-concessions-truth","0","226","0%","22.1"
"https://pensacolamilitaryhousing.com/communities/ferry-pass","0","224","0%","25.5"
"https://pensacolamilitaryhousing.com/va-loan-guide","0","189","0%","26.3"
"https://pensacolamilitaryhousing.com/contact","0","126","0%","43.4"
"https://pensacolamilitaryhousing.com/communities/mary-esther","0","123","0%","13.5"
"https://pensacolamilitaryhousing.com/communities","0","113","0%","26.1"
"https://pensacolamilitaryhousing.com/communities/destin","0","103","0%","12.0"
"https://pensacolamilitaryhousing.com/military-pcs-tax-deductions","0","99","0%","12.1"
"https://pensacolamilitaryhousing.com/communities/cordova-park","0","98","0%","21.4"
"https://pensacolamilitaryhousing.com/communities/gulf-breeze","0","97","0%","11.3"
"https://pensacolamilitaryhousing.com/florida-homestead-exemption-military","0","83","0%","19.4"
"https://pensacolamilitaryhousing.com/blog/living-in-gulf-breeze-pros-cons","0","53","0%","4.4"
"https://pensacolamilitaryhousing.com/on-base-vs-off-base-eglin-afb","0","53","0%","13.7"
"https://pensacolamilitaryhousing.com/gulf-breeze-vs-navarre","0","50","0%","7.1"
"https://pensacolamilitaryhousing.com/blog","0","49","0%","15.5"
"https://pensacolamilitaryhousing.com/va-coe-guide","0","47","0%","57.4"
"https://pensacolamilitaryhousing.com/homes-for-sale-nas-whiting-field","0","44","0%","19.2"
"https://pensacolamilitaryhousing.com/blog/personal-property-activity-pcs-2026","0","41","0%","7.9"
"https://pensacolamilitaryhousing.com/niceville-vs-crestview","0","39","0%","8.5"
"https://pensacolamilitaryhousing.com/blog/florida-homestead-exemption-military","0","39","0%","11.1"
"https://pensacolamilitaryhousing.com/florida-home-insurance-military","0","38","0%","32.2"
"https://pensacolamilitaryhousing.com/va-loan-closing-costs-florida","0","35","0%","17.8"
"https://pensacolamilitaryhousing.com/military-rental-property-management","0","33","0%","9.3"
"https://pensacolamilitaryhousing.com/sell","0","33","0%","21.0"
"https://pensacolamilitaryhousing.com/homes-for-sale-corry-station","0","31","0%","8.5"
"https://pensacolamilitaryhousing.com/homes-for-sale-eglin-afb","0","24","0%","38.6"
"https://pensacolamilitaryhousing.com/military-realtor-pensacola","0","23","0%","8.4"
"https://pensacolamilitaryhousing.com/blog/best-neighborhoods-eglin-afb-families","0","23","0%","9.7"
"https://pensacolamilitaryhousing.com/bah-to-mortgage-guide","0","21","0%","6.7"
"https://pensacolamilitaryhousing.com/on-base-vs-off-base-corry-station","0","21","0%","6.9"
"https://pensacolamilitaryhousing.com/crestview-military-relocation","0","20","0%","6.6"
"https://pensacolamilitaryhousing.com/blog/pcs-to-pensacola-2026-complete-guide","0","19","0%","6.3"
"https://pensacolamilitaryhousing.com/gulf-breeze-vs-navarre.html","0","16","0%","7.0"
"https://pensacolamilitaryhousing.com/homes-for-sale-saufley-field","0","16","0%","13.9"
"https://pensacolamilitaryhousing.com/blog/moving-to-pensacola-2026-guide","0","15","0%","6.0"
"https://pensacolamilitaryhousing.com/blog/va-loan-assumption-buyers-guide","0","13","0%","7.0"
"https://pensacolamilitaryhousing.com/dual-military-homes","0","12","0%","17.2"
"https://pensacolamilitaryhousing.com/new-construction-pensacola","0","11","0%","6.8"
"https://pensacolamilitaryhousing.com/rent-or-sell-pcs-pensacola","0","11","0%","7.5"
"https://pensacolamilitaryhousing.com/pcs-checklist","0","11","0%","7.7"
"https://pensacolamilitaryhousing.com/disabled-veteran-benefits-florida","0","11","0%","13.3"
"https://pensacolamilitaryhousing.com/on-base-vs-off-base-hurlburt-field","0","10","0%","7.9"
"https://pensacolamilitaryhousing.com/whats-my-home-worth","0","10","0%","29.3"
"https://pensacolamilitaryhousing.com/homes-for-sale-nas-pensacola","0","9","0%","26.8"
"https://pensacolamilitaryhousing.com/homes-for-sale-duke-field","0","9","0%","34.8"
"https://pensacolamilitaryhousing.com/on-base-vs-off-base-hurlburt-field.html","0","6","0%","12.2"
"https://pensacolamilitaryhousing.com/nas-whiting-field-off-base-housing","0","5","0%","6.4"
"https://pensacolamilitaryhousing.com/on-base-vs-off-base-duke-field","0","5","0%","7.8"
"https://pensacolamilitaryhousing.com/on-base-vs-off-base-nas-whiting-field","0","5","0%","8.6"
"https://pensacolamilitaryhousing.com/og/bah-rates.png","0","4","0%","3.8"
"https://pensacolamilitaryhousing.com/military-divorce-housing","0","4","0%","6.0"
"https://pensacolamilitaryhousing.com/on-base-vs-off-base-saufley-field","0","4","0%","6.0"
"https://pensacolamilitaryhousing.com/va-irrrl-guide.html","0","4","0%","9.0"
"https://pensacolamilitaryhousing.com/veteran-realtor-destin","0","4","0%","12.8"
"https://pensacolamilitaryhousing.com/military-realtor-hurlburt-field","0","4","0%","26.8"
"https://pensacolamilitaryhousing.com/nas-pensacola.html","0","3","0%","7.7"
"https://pensacolamilitaryhousing.com/cash-offer-pensacola","0","3","0%","8.7"
"https://pensacolamilitaryhousing.com/florida-homestead-exemption-military.html","0","3","0%","11.3"
"https://pensacolamilitaryhousing.com/llms.txt","0","3","0%","75.7"
"https://pensacolamilitaryhousing.com/buying-sight-unseen-pcs-pensacola","0","2","0%","5.0"
"https://pensacolamilitaryhousing.com/va-irrrl-guide","0","2","0%","5.5"
"https://pensacolamilitaryhousing.com/mortgage-calculators","0","2","0%","7.5"
"https://pensacolamilitaryhousing.com/homes-for-sale-corry-station.html","0","2","0%","9.0"
"https://pensacolamilitaryhousing.com/first-time-military-homebuyer","0","2","0%","9.5"
"https://pensacolamilitaryhousing.com/zero-down-home-loans","0","1","0%","3.0"
"https://pensacolamilitaryhousing.com/homes-for-sale-nas-pensacola.html","0","1","0%","8.0"
"https://pensacolamilitaryhousing.com/homes-for-sale-nas-whiting-field.html","0","1","0%","8.0"
"https://pensacolamilitaryhousing.com/va-funding-fee-2026","0","1","0%","9.0"
"https://pensacolamilitaryhousing.com/school-zones-military-families.html","0","1","0%","10.0"
