Top queries,Clicks,Impressions,Position
"gregg costin realtor",5,68,1.9
"pensacola bah",1,483,11.8
"bah pensacola fl",1,198,11.8
"pensacola fl bah",1,92,13.8
"nas pensacola bah",1,75,6.1
"bah pensacola fl 2026",1,68,6.9
"bah in pensacola fl",1,67,9.0
"eglin afb bah 2026",1,17,9.5
"nas saufley field",1,5,12.2
"pensacola navy a school",1,4,12.8
"housing near eglin afb",0,226,40.3
"poquito bayou housing eglin afb",0,216,16.6
"bah pensacola",0,158,12.9
"pcs realtor pensacola",0,157,14.7
"va loan realtor pensacola",0,152,11.4
"pensacola bah 2026",0,127,7.4
"nas whiting field housing",0,125,36.2
"military housing milton fl",0,120,27.3
"whiting field base housing",0,114,34.7
"florida bah",0,111,24.1
"bah for pensacola",0,110,14.3
"bah florida",0,110,23.3
"eglin afb off base housing",0,109,33.3
"eglin afb housing",0,107,41.8
"whiting pines military housing",0,105,36.5
"nas pensacola off base housing",0,104,29.1
"hurlburt field off base housing",0,102,32.6
"hurlburt afb housing",0,102,39.4
"eglin air force auxiliary field 3 duke fld homes for sale",0,101,8.0
"eglin afb base housing",0,100,39.9
"hurlburt field base housing",0,94,39.8
"military relocation realtor pensacola",0,93,12.6
"eglin base housing",0,92,40.1
"eglin air force base housing",0,91,40.9
"pensacola nas housing",0,84,38.2
"eglin afb privatized housing",0,79,37.6
"pace family housing",0,76,9.2
"pensacola base housing",0,72,37.6
"homes for military families navarre florida",0,69,7.2
"nas pensacola base housing",0,66,31.1
"pensacola navy base housing",0,66,39.3
"nas pensacola housing",0,65,35.8
"hurlburt field on base housing",0,63,36.2
"pensacola navy housing",0,61,38.3
"military homebuyers navarre fl",0,60,17.8
"corry station homes for sale",0,59,9.3
"va loan homes milton florida",0,53,14.4
"pensacola military housing",0,53,34.6
"base housing nas pensacola",0,52,32.5
"military homebuyers milton fl",0,48,15.1
"hurlburt field afb housing",0,48,35.5
"va loan seller concessions",0,46,26.4
"pensacola family housing",0,46,30.2
"pensacola bah rates",0,44,8.2
"bah for pensacola florida",0,43,9.7
"va loan nas pensacola",0,40,15.8
"hurlburt field",0,40,32.8
"eglin air force auxiliary field 6 homes for sale",0,38,16.6
"1722 bluff oak ct eglin afb fl",0,38,40.0
"relocation realtor pensacola",0,37,1.1
"new homes near nas whiting field",0,37,12.8
"seller concessions va loan",0,34,28.3
"military housing pensacola fl",0,34,36.8
"pensacola fl naval base housing",0,34,38.6
"eglin afb site 2 santa rosa island homes for sale",0,33,18.1
"eglin afb new housing",0,31,39.6
"negotiation realtor pensacola",0,30,1.7
"bah for pensacola fl",0,28,9.4
"free home valuation pensacola",0,26,23.4
"pensacola relocation real estate agent",0,25,1.1
"realtor commission pensacola",0,25,2.6
"corry station zip code",0,25,16.0
"va loan seller concession",0,25,27.4
"bah hurlburt field 2026",0,24,8.9
"bah in pensacola",0,24,9.4
"hurlburt field bah 2026",0,24,10.0
"eglin bah 2026",0,24,10.1
"eglin afb homes for sale",0,24,39.7
"gregg costin pensacola realtor - levin rinke realty 220 w garden st pensacola fl 32502",0,23,4.1
"nas pensacola zip code",0,23,13.1
"pensacola",0,21,4.1
"pensacola home valuation realtor",0,21,12.4
"bah tampa fl",0,21,26.8
"bayou texar pensacola",0,21,41.6
"apartment rental near eglin afb",0,21,45.3
"pensacola bah rate",0,20,8.3
"hurlburt field bah rates 2026",0,20,9.5
"ferry pass fl real estate",0,20,26.9
"corvias military housing eglin afb",0,20,45.1
"bah jacksonville fl",0,20,46.8
"move to pensacola realtor",0,19,32.1
"va loan whiting field",0,18,10.3
"best realtor in pensacola",0,18,26.6
"saufley field",0,17,12.6
"pensacola real estate market expert",0,17,24.5
"va seller concessions",0,17,27.2
"hurlburt air force base",0,17,27.4
"flood insurance for military homeowners",0,17,44.0
"nioc pensacola",0,16,1.1
"greg costin",0,16,5.1
"pensacola florida bah",0,16,7.8
"bah eglin afb 2026",0,16,11.0
"saufley field homes for sale",0,16,13.9
"best neighborhoods pensacola realtor",0,16,24.8
"nas pensacola homes",0,16,36.9
"bah miami",0,16,46.5
"va loan pensacola",0,15,24.9
"max seller concessions va",0,15,27.1
"county area including military",0,15,37.8
"naval aviation schools command",0,14,15.5
"hurlburt field afb bah",0,14,16.7
"top rated realtor pensacola",0,14,25.3
"va loans pensacola fl",0,14,26.1
"best realtors pensacola reviews",0,14,33.9
"ferry pass fl homes for sale",0,14,34.6
"whiting field va loans",0,13,12.5
"bah pensacola florida",0,13,13.0
"whiting field va loan",0,13,13.0
"navy point realtors",0,13,16.7
"ferry pass fl new construction",0,13,23.9
"eglin afb apartments",0,13,38.7
"pensacola realtor",0,13,40.9
"jacksonville fl bah",0,13,45.5
"pensacola fl bah 2026",0,12,7.2
"hurlburt bah 2026",0,12,8.2
"2025 bah pensacola o-3 with dependents official",0,12,9.7
"va loans nas whiting field",0,12,9.7
"pensacola heights",0,12,19.1
"duke field",0,12,20.6
"pensacola listing consultation",0,12,27.7
"east pensacola heights",0,12,29.6
"poquito bayou shalimar fl",0,12,30.0
"downtown pensacola realtor",0,12,41.0
"eglin afb homes",0,12,41.8
"miami bah",0,12,46.8
"yes",0,11,5.0
"va loans near nas whiting field",0,11,11.4
"pcs to eglin afb",0,11,19.5
"whiting field nas housing",0,11,35.4
"eglin housing",0,11,40.9
"pensacola fl real estate agent reviews",0,11,41.0
"top real estate agents in pensacola",0,11,41.0
"whiting field",0,11,44.9
"pensacola bah navy",0,10,8.3
"jcac pensacola",0,10,12.5
"nas whiting field va loan",0,10,13.1
"fort lauderdale bah",0,10,25.5
"pensacola nas homes",0,10,36.3
"homes for sale near eglin afb",0,10,39.4
"real estate agent pensacola fl",0,10,41.0
"realtor pensacola fl",0,10,42.8
"eglin afb",0,10,48.6
"apartments near eglin air force base",0,10,51.7
"pensacola fl",0,9,2.9
"floodplain map by address",0,9,9.2
"hurlburt field bah",0,9,10.3
"saufley field pensacola",0,9,11.7
"florida bah rates",0,9,15.6
"duke field florida",0,9,22.3
"duke field fl",0,9,22.9
"ferry pass fl houses for sale",0,9,32.4
"hurlburt field fl",0,9,34.0
"bayou texar pensacola fl",0,9,35.0
"navy point pensacola",0,9,40.9
"experienced realtor pensacola",0,9,41.0
"listing agreement pensacola realtor",0,9,41.0
"top realtors in pensacola",0,9,41.0
"real estate agents in pensacola fl",0,9,43.2
"cordova park pensacola",0,9,44.7
"apartment for rent near eglin afb",0,9,50.1
"do mil to mil both get bah",0,9,64.0
"nas whiting field va loans",0,8,10.8
"bah in florida",0,8,20.6
"duke field afs fl",0,8,25.9
"hurlburt",0,8,28.9
"hurlburt field afb",0,8,31.9
"corry station",0,8,33.0
"ferry pass fl new homes",0,8,33.4
"buyer agent pensacola",0,8,41.0
"real estate agent pensacola",0,8,41.0
"hurlburt field homes",0,8,43.0
"myrtle grove florida",0,8,45.4
"va coe",0,8,77.1
"pensacola fl military home buyer va",0,7,11.0
"bah for florida",0,7,19.0
"va loans nas pensacola",0,7,20.3
"nas pensacola va loans",0,7,20.6
"nttc corry station",0,7,22.3
"230 chevalier field ave",0,7,22.7
"nas pensacola va loan",0,7,24.7
"va mortgage pensacola",0,7,37.9
"realtor for out of state buyers pensacola",0,7,38.1
"listing agent pensacola",0,7,41.0
"pensacola str realtor",0,7,41.0
"realtor near me pensacola",0,7,41.0
"houses for sale near eglin afb",0,7,41.7
"new homes for sale in beulah fl",0,7,42.7
"pensacola va loan",0,7,60.0
"weather crestview fl",0,6,3.8
"how much is bah in florida",0,6,21.2
"bah for hurlburt field",0,6,22.5
"iwtc corry station",0,6,25.0
"navy flight school pensacola",0,6,25.2
"va loan seller paid closing costs",0,6,26.7
"va loans pensacola",0,6,29.0
"bayou texar",0,6,35.5
"whiting field homes",0,6,35.7
"hurlburt afb",0,6,36.3
"myrtle grove pensacola",0,6,42.2
"cordova park pensacola fl",0,6,52.8
"pensacola florida",0,5,2.6
"bah rate pensacola fl",0,5,8.4
"bah fort walton beach",0,5,8.8
"fema flood zone map",0,5,9.4
"corry station pensacola",0,5,9.8
"hurlburt field to pensacola fl",0,5,9.8
"military realtor fort walton beach",0,5,10.4
"va loans near whiting field",0,5,10.8
"navy a school pensacola",0,5,11.0
"pensacola flood zones",0,5,12.4
"bah hurlburt field",0,5,16.2
"va loan nas whiting field",0,5,19.8
"bah near me",0,5,21.0
"duke field afb",0,5,21.8
"corry station housing",0,5,24.2
"military town advisor",0,5,24.6
"va loans near nas pensacola",0,5,24.8
"va loan seller disadvantages",0,5,27.8
"va lender pensacola",0,5,32.6
"open house realtor pensacola",0,5,33.0
"eglin afb housing office",0,5,33.6
"myrtle grove fl homes for sale",0,5,39.0
"orlando bah",0,5,40.0
"realtors in pensacola",0,5,41.0
"whiting pines milton fl",0,5,48.0
"va loan closing costs in florida",0,5,51.4
"jacksonville bah",0,5,55.6
"corry village pensacola",0,5,60.8
"military housing in pensacola fl",0,5,76.0
"mil to mil bah rates",0,5,84.0
"military friendly realtor pensacola fl",0,4,5.0
"both",0,4,6.8
"bah for hurlburt field afb",0,4,9.2
"va loans whiting field",0,4,11.8
"duke afb",0,4,14.8
"pensacola naval base housing",0,4,19.5
"navy point",0,4,21.2
"bah orlando fl",0,4,22.8
"bah rates in florida",0,4,23.0
"230 chevalier field ave pensacola fl 32508",0,4,24.5
"information warfare training command corry station",0,4,25.0
"bah for orlando fl",0,4,25.8
"230 chevalier field ave pensacola fl",0,4,26.8
"va requirements for sellers",0,4,28.2
"realtor for eglin air force base",0,4,29.0
"nttc corry station pensacola fl",0,4,29.8
"pensacola corry station",0,4,31.8
"corry station pensacola fl",0,4,32.0
"fort eglin",0,4,32.0
"base housing eglin afb",0,4,32.8
"bah eglin afb",0,4,33.5
"navy point homes for sale",0,4,34.0
"whiting field housing",0,4,34.0
"eglin afb home",0,4,36.2
"corry station fl",0,4,38.5
"where is hurlburt field",0,4,39.2
"bah for jacksonville florida",0,4,41.0
"local realtor pensacola",0,4,41.0
"real estate agent near me pensacola",0,4,41.0
"virtual home tour pensacola realtor",0,4,41.0
"eglin afb fl real estate",0,4,41.8
"homes near eglin afb",0,4,42.5
"corey station",0,4,44.5
"bah for jacksonville fl",0,4,44.8
"myrtle grove pensacola fl",0,4,45.2
"va loan santa rosa",0,4,48.0
"beulah fl",0,4,51.0
"bluewater bay fl",0,4,53.2
"whiting pines",0,4,58.8
"bayou grande pensacola fl",0,4,59.2
"zip code for eglin air force base",0,4,62.5
"cantonment fl to pensacola fl",0,4,68.8
"automated certificate of eligibility",0,4,76.2
"ctr",0,3,1.7
"in pensacola",0,3,1.7
"pensacola a school navy",0,3,2.0
"what time is it in crestview florida",0,3,2.0
"yes please",0,3,2.7
"crestview fl weather",0,3,3.3
"nas whiting field bah",0,3,4.0
"luxury apartments hurlburt eglin duke",0,3,4.7
"bah in pensacola florida",0,3,5.7
"fema flood maps",0,3,5.7
"e5 bah pensacola fl",0,3,6.0
"pensacola corry station zip code",0,3,7.0
"nas pensacola",0,3,7.7
"bah zip code",0,3,8.7
"pensacola flood map",0,3,8.7
"beulah fl",0,3,9.0
"flood zone map by address",0,3,9.7
"nioc pensacola address",0,3,10.0
"pensacola flood zone map",0,3,10.3
"nas pensacola zipcode",0,3,12.3
"mary esther residential gate",0,3,15.0
"nas pensacola zip",0,3,15.0
"duke air force base",0,3,17.0
"naccs pensacola",0,3,17.3
"hurlburt bah",0,3,18.0
"hurlburt field area code",0,3,20.3
"duke field air force base",0,3,20.7
"hurlburt field units",0,3,21.0
"orlando fl bah",0,3,21.0
"duke airfield",0,3,21.3
"pensacola flood zone insurance",0,3,21.7
"duke afb florida",0,3,24.0
"mary esther residential driveway gates",0,3,24.3
"pensacola aviation school",0,3,24.7
"pensacola zip code corry station",0,3,25.7
"fort walton beach eglin afb",0,3,26.0
"corry station quarterdeck",0,3,26.3
"pensacola va loans",0,3,28.0
"hurlburt field housing",0,3,29.7
"hurlburt field base",0,3,30.7
"militarytownadvisor",0,3,30.7
"eglin afb realtor",0,3,31.0
"base housing hurlburt field",0,3,36.0
"hurlburt base housing",0,3,37.7
"eglin afb units",0,3,38.0
"how many days of tle do you get for pcs",0,3,39.7
"crestview fl to pensacola fl",0,3,41.0
"pensacola real estate brokerage",0,3,41.0
"corry station pensacola florida",0,3,41.7
"bellview pensacola fl",0,3,44.7
"jax bah",0,3,45.0
"eglin afb zip",0,3,47.7
"jacksonville florida bah",0,3,47.7
"ferry pass pensacola",0,3,51.3
"beulah florida",0,3,54.3
"east hill pensacola",0,3,54.3
"afb florida panhandle",0,3,59.7
"warrington pensacola",0,3,64.7
"what city is eglin air force base in florida",0,3,66.0
"crestview to fort walton beach",0,3,69.7
"crestview fl to fort walton beach fl",0,3,83.3
"beulah",0,2,1.0
"gregg’s",0,2,1.0
"32547",0,2,1.5
"married",0,2,1.5
"32504",0,2,2.0
"crestview fl to orlando fl",0,2,2.0
"crestview military base",0,2,2.0
"crestview to pensacola",0,2,2.0
"i live in pensacola fl",0,2,2.5
"32539",0,2,3.0
"a school navy pensacola florida",0,2,3.0
"crestview fl",0,2,3.0
"fort walton",0,2,3.0
"it",0,2,3.0
"mary esther florida",0,2,3.0
"at",0,2,4.0
"post office crestview fl",0,2,4.0
"ae",0,2,5.0
"32548",0,2,5.5
"nas pensacola lodging",0,2,5.5
"navarre fl",0,2,5.5
"military rentals near me",0,2,6.0
"costin",0,2,6.5
"levin rinke realty pensacola",0,2,6.5
"flood zone",0,2,7.5
"yes please.",0,2,8.0
"table 5-37 o-4 17 000",0,2,10.0
"bah rates",0,2,10.0
"what flood zone am i in?",0,2,10.0
"crestview to eglin afb",0,2,10.5
"pensacola to hurlburt field",0,2,10.5
"eglin",0,2,11.0
"flood plain map by address",0,2,11.0
"what is my flood zone by address",0,2,11.0
"hurlburt field base ops",0,2,11.5
"va approved homes for sale near me",0,2,11.5
"military lodging pensacola fl",0,2,12.5
"eglin afb eglin main and reservation homes for sale",0,2,14.0
"saufley field nolf",0,2,16.0
"hurlburt field aircraft",0,2,20.0
"nas pensacola unaccompanied housing",0,2,20.0
"pensacola nas zip code",0,2,20.0
"hurlburt fss",0,2,22.0
"mary esther residential gates",0,2,22.0
"hurlburt field florida",0,2,23.0
"navy pensacola a school",0,2,23.0
"echo barracks nas pensacola",0,2,24.0
"mary esther county",0,2,24.0
"where is hurlburt afb",0,2,24.5
"miami bah rate",0,2,25.0
"corry station pensacola zip code",0,2,25.5
"hulbert field",0,2,26.0
"hurlburt air force base housing",0,2,26.5
"navy corry station",0,2,28.0
"eglin afb army units",0,2,28.5
"va loan pensacola fl",0,2,28.5
"pensacola va mortgage",0,2,29.0
"where is hurlburt field located",0,2,29.0
"iwtc corry station quarter deck",0,2,29.5
"eglin afb dorms",0,2,30.0
"eglin housing office",0,2,30.0
"orlando florida bah",0,2,30.0
"naval air station pensacola housing",0,2,30.5
"where is hurlburt field air force base",0,2,30.5
"hulburt field",0,2,31.0
"hurlburt afb location",0,2,31.0
"military housing pensacola",0,2,31.0
"bah for miami",0,2,31.5
"homes for sale navy point pensacola fl",0,2,32.0
"what city is hurlburt field in",0,2,32.5
"florida disabled spouse property tax exemption 2026",0,2,33.5
"navy boulevard",0,2,33.5
"mayroad eglin afb",0,2,34.5
"nas corry station",0,2,35.0
"640 roberts ave pensacola fl",0,2,35.5
"bah eglin afb fl",0,2,36.0
"east pensacola heights homes for sale",0,2,36.0
"real estate agent in in pensacola 32502",0,2,36.0
"corry station naval base",0,2,36.5
"homes for sale near eglin afb fl",0,2,37.0
"hurlburt fld fl",0,2,37.0
"navy blvd pensacola",0,2,37.0
"military relocation pensacola fl",0,2,37.5
"e5 bah jacksonville fl",0,2,38.0
"ft eglin",0,2,38.0
"hurlburt field fl 32544",0,2,38.0
"hurlburt field florida",0,2,39.5
"real estate pensacola",0,2,39.5
"cantonment",0,2,40.0
"escambia county realtor",0,2,41.0
"how to choose a realtor in pensacola",0,2,41.0
"navarre plan",0,2,41.5
"cantonment pensacola",0,2,42.5
"eglin afb on base housing",0,2,42.5
"apartments for rent near eglin afb",0,2,43.0
"eglin village fl",0,2,43.0
"homes for sale near eglin air force base",0,2,43.0
"navy blvd",0,2,43.5
"pensacola real estate",0,2,43.5
"ferry pass fl apartments",0,2,44.0
"hurburt field",0,2,44.5
"bah for keesler afb",0,2,45.0
"myrtle grove fl",0,2,45.0
"where is hurlburt air force base",0,2,45.5
"houses near eglin afb",0,2,46.0
"corry field pensacola",0,2,46.5
"eglin afb houses for sale",0,2,46.5
"eglin afb fl houses for sale",0,2,47.0
"eglin afb florida",0,2,49.5
"florida property tax exemption for disabled veterans",0,2,49.5
"florida disabled veterans property tax exemption",0,2,50.0
"navy point pensacola fl",0,2,50.0
"eglin village",0,2,50.5
"bah for macdill afb",0,2,51.5
"florida property tax for disabled veterans",0,2,52.0
"woodbine springs",0,2,52.0
"eglin federal prison camp",0,2,54.5
"military bases near pensacola fl",0,2,54.5
"military coe",0,2,56.5
"area code for eglin afb",0,2,57.5
"coe military",0,2,57.5
"cities near eglin afb",0,2,58.5
"what county is eglin air force base in",0,2,59.0
"fort breeze",0,2,59.5
"bayou grande pensacola",0,2,60.5
"cessna lane",0,2,60.5
"va loan closing costs florida",0,2,60.5
"militia drive",0,2,64.0
"military ave",0,2,67.5
"balfour beatty pensacola",0,2,69.5
"what city is eglin afb in",0,2,69.5
"what is a coe",0,2,72.0
"crestview florida to fort walton beach",0,2,72.5
"coe army",0,2,74.0
"your cantonment home",0,2,74.5
"eglin air force base",0,2,75.5
"milton bah",0,2,79.0
"homes for sale near whiteman afb",0,2,82.0
"real estate companies pensacola",0,2,83.5
"soldier hills",0,2,86.0
"mcmahons point",0,2,94.0
"realtors pensacola",0,2,108.0
